day_pk,day_sk,title,symbol,description_0,description_1
1,1,-,"«третий глаз», светильник","#MAIN
1-й Лунный день может быть очень коротким, всего несколько минут. Чем меньше по своей продолжитель­ности 1-й Лунный день, тем больше мы получаем энергии и тем интенсивнее протекают процессы во время него. Период наступления первого дня начинается с начала наступления новолуния. Этот день оказывает огромное влияние, на  весь Лунный месяц, на то как мы проведем все это время. От него зависит успех всех наших дел, на целый месяц. Это время как чистый лист в книге нашей жизни, и чтобы его не пропустить поставьте на своем мобильном телефоне будильник, на дату начала новолуния и не забудьте что новолуние начинается в каждом городе по разному, на это влияет часовой пояс. В этом Вам поможет наш Лунный календарь онлайн. Отбросьте в первый Лунный день все дела и суетные мысли. Сосредоточитесь на своих планах предстоящего месяца, а возможно и глобальных планах и переменах, которые изменят всю Вашу жизнь.  Мысленные формы и образы созданные сегодня будут обладать особой силой, они будут способны материализоваться в реальном мире через наши действия и поступки, как будто не виданная сила движет ими, и не что не может остановить или воспрепятствовать им. Для более детального и четкого осмысления своих планов воспользуйтесь листком бумаги, на котором  изложите свои планы, не упустите не одной детали, старайтесь все излагать не расплывчато, а четко и ясно. Чем подробнее вы все напишете и визуализируете у себя в голове, тем большую энергетическую поддержку вы получите от вселенной. Чем сложнее ваши запросы, тем больше времени они потребуют для материализации. Визуализируйте свое желание в 1-й Лунный день каждое новолуние из месяца в месяц, и результат не заставит себя долго ждать, оно обязательно сбудется в нужном месте и в нужное время. В первый Лунный день не рекомендуется заниматься какой то групповой работой. Хорошо было бы вернуться к своему началу, повспоминать детство поразмыслить о своих поступках, проанализировать прожитую жизнь. Можно также уделить время чтению исторической литературы. Можно сказать, что это день творческих начинаний. За новые дела лучше не браться, а ограничится только планами и мечтаниями. 1-й Лунный день — это магический и необычный день. Символ лампада, обозначает образ вечного света и глубокую духовную связь с тонким миром. Если Вы направите свои действия на развитие и духовное очищения, то это принесет Вам огромную пользу. Например, если подумать о прошлом и простить своих обидчиков, или самому попросить прощение (пусть даже мысленно), это поспособствует улучшению вашей кармы, и разрыву препятствующих нитей, которые мешают Вам двигаться вперед. Этот Лунный день  хорошо провести за наблюдением огня. Если имеется возможность, зажгите свечи.  Сконцентрируйтесь на чем то хорошем, почувствуйте ощущение любви и покоя. Этот день очень благоприятен для хороших и добрых начинаний, особенно если они возвышают ваш дух и совершенствуют личность.
#RELATION
В 1-й Лунный день будет лучше  уединится, а  личную жизнь рекомендуется лишь планировать. Если у вас назначено свидание со своим избранником или избранницей, то проведите его в уединение, например в тихом миленьком кафе, а главное откажитесь от шумных и людных мест.
#HOME
Отлично подходит для мелких домашних дел. Стирку и уборку будет лучше перенести на другой день. День хорошо подходит для творчества и всего что с ним связано: вышивка, вязание, рисование, занятие любимым хобби.
#HEALTH
С точки зрения медицины, в 1-й Лунный день, особо уязвимы  лицевая часть головы и головной мозг, поэтому не нужно злоупотреблять алкоголем или же острой или горячей пищей, да и вообще переутомляться. Физиологически, происходит плотное сбивание внутренних органов, иммунитет ослабляется, что  является для человека довольно тяжелым. Не рекомендуется делать разного рода косметические процедуры, особенно это касается пластических операций. Хорошо начать цикл физических упражнений.
#BUSINESS
Не рекомендуется: подписывать важные документы, обменивать валюту, брать и отдавать долги. Лучше всего отложить переговоры и принятие важных решений. Также отрицательно скажется регистрация нового предприятия и открытия нового дела. Мистическое влияние Мысле-формы и образы, созданные в 1-й Лунный день, создают энергетический отпечаток в тонком мире, что способствует к дальнейшей их материализации в материальном мире.","#MAIN
1 лунный день. В этот день хорошо прощать обиды и друзьям, и недругам. Это получится легче, чем в другие дни, и к тому же ускорит осуществление ваших планов."
2,2,-,Рог изобилия,"#MAIN
Второй Лунный день начинается с первого восхода Луны после Новолуния, из-за чего в разных городах, Лунный месяц может сдвигаться вперед или назад на одни Лунные сутки . Это время получения ценной информации. Будьте особо внимательны к информации которую получаете во второй Лунный день, даже если вам кажется что это вам не пригодится, через какое то время может все поменяться и вы оцените полученную в этот день информацию. Второй Лунный день наполнен энергией которая склоняет людей к обладанию и покупке ненужных вещей. Старайтесь не поддаваться этому, и наоборот если вам удастся что нибудь кому-нибудь  подарить, вселенная вернет это сполна. Если вдруг вы в этот день что нибудь потеряли, подумайте хорошо, возможно это вещь вам никогда бы не пригодилась и во все ненужна вам, с легкостью расстаньтесь с ней. Старайтесь во второй Лунный день особо не делится своими планам, иначе их реализация может сойти на нет.  В этот день необходимо развивать в себе щедрость, и не в коем случае нельзя показывать свою злость. Очень хорошо в этот день обратиться с просьбой к начальству, завести новые контакты. Этот день очень благоприятен для разного рода открытий и научных исследований. Запланированный поход на природу или путешествия с отправной точкой второго лунного для, принесут массу положительных эмоций и запомнятся надолго.
#RELATION
Хорошо подходит для свиданий, проявите заботу и щедрость, по отношению к вашей второй половинке и будете сполна вознаграждены радостью и любовью. Этот Лунный день очень хорошо подходит для заключения союзов и браков.
#HOME
Можно заниматься любыми домашними делами. Это время отлично подходит для начало ремонта в квартире и любого строительства.
#HEALTH
Во второй Лунный день следует уделить особое внимание питанию, особенно не стоит употреблять жирную пищу. Прекрасное время для составления курса диеты на весь Лунный цикл, а также для начала оздоровительного курса, очищения организма, курса физических упражнений и тд. Также второй Лунный день будет идеальным для посещения сауны или бани.
#BUSINESS
2-й Лунный день очень благоприятен для индивидуальной и коллективной работы. Можно смело начинать любые дела и проекты. Особо хорошо будет удаваться обучение и повышения квалификации, любые курсы и т.д. Командировки будут плодотворными и принесут материальные доходы. ","#MAIN
2 лунный день. Начинать новые серьезные дела по-прежнему не надо, продолжайте обдумывать свои планы, накапливать силы для их осуществления."
3,3,-,"Барс, Леопард","#MAIN
3-й Лунный день — это время для активных действий. Лучше если Вы встанете по раньше, чтобы можно было сделать как можно больше хороших и полезных дел. Эти Лунные сутки заряжены энергией Марса и очень энергичны — это день война. Пассивные люди в такой день становятся очень уязвимыми, они  становятся мнительными, подозрительными и коварными, так как находятся под угнетением очень активной энергии. Чувствительные люди в 3-й Лунный день могут ощущать напряженность и даже агрессию в воздухе. Проявление пассивности в 3-й Лунный день может плохо сказаться на здоровье.  Энергия должна реализоваться и если этого не произойдет, то она начнет разрушающи действовать на организм изнутри. Третий Лунный день наполнен риском, напором, железной волей для смелых и решительных действий. Этот день нужно провести под лозунгом: «Думать не надо, надо действовать!» Самое опасное что таят в себе третьи Лунные сутки, это возможность многократно усиливать наш страх. Который также многократно будет оказывать разрушающее воздействие на физическое и психическое здоровье. Поэтому если таковой имеет место, говорим страху нет, и всячески откладываем его на другой день, боятся будем потом, но только не сегодня. 3-й Лунный день хорошо подходит для занятий боевыми искусствами, так же он благоприятствует тем кто отправляется в дальнее путешествия или долгую поездку. Энергия Луны будет всячески помогать им на всем пути.
#RELATION
В 3-й Лунный день вас может потянуть на выяснение отношений между собой. В целом день не благоприятствует романтическим настроениям, лучше найти общие интересы и углубится в них.
#HOME
В 3-й Лунный день очень хорошо подходит для начала строительства дома, очень хорошо в этот день капать колодец, делать любые виды ремонта дома. Хорошо также точить ножи, работать с металлом, а в древности в этот день отливали вещи из серебра.
#HEALTH
3-й Лунный день отлично подходит для того чтобы завязать с плохими привычками. Например бросить курить будет намного легче, чем в другие дни. В этот день чувствительны затылок, горло, уши, и категорически противопоказано их лечение. Положительно скажутся физические нагрузки и занятие боевыми искусствами, а также посещения сауны и бани.
#BUSINESS
3-й Лунный день хорошо подходит для рискованных и смелых проектов. Но если ваше решение было принято под действием страха, то скорей всего ничего не получится. В целом во всех делах будет чувствоваться некая напряженность. Рисковые активы принесут прибыль. Финансовые вопросы лучше перенести на другой день.","#MAIN
3 лунный день. Если сих пор мы мечтали и строили планы, то сейчас пора действовать. Пассивность в этот день противопоказана и даже опасна."
4,4,-,Древо познаний,"#MAIN
4-й Лунный день согласно своей энергетике является пассивным днем, лучше не проявлять активную деятельность, а провести этот день спокойно, без лишней суеты. Этот Лунный день лучше посвятить возвышенным мыслям, повышению своей духовности. Он идеально подходит для прогулок по лесу, молитв, медитаций, поминовению предков, чтению книг. Если вы сбились со своего духовного пути, то в этот день вы будете чувствовать себя опустошенным, самое время задуматься об этом, и найти свой путь, энергетика этого лунного дня будет всячески способствовать чтобы вернуть вас обратно в русло, наставить на путь. Откройте свою душу и она направит  вас в нужном направлении. 4-й Лунный день является очень благоприятным для начала обучения, повышения квалификации. Все будет легко удаваться чья деятельность связана с информационными технологиями, связью, телефонией, интернетом. В это время не следует принимать быстрых решений , лучше десять раз обдумать все, а уж потом принимать решение. Не рекомендуется коллективная работа, нельзя рубить деревья . Люди, которые были рождены в 4-й Лунный день, обладают какой-то космической тайной, но при этом они должны сами ее познать. Также считается, что в эти Лунные сутки можно увидеть вещие сны, особенно если во сне приснились умершие родственники.
#RELATION
Этот Лунный день считается не подходящим для романтических свиданий, особенно если вы ждете от него много и возлагаете большие надежды. В 4-й Лунный день большинство людей склонны к апатии из-за чего любой романтический настрой сводится на нет.
#HOME
В 4-й Лунный день будут удаваться любые работы с деревом, неважно что вы с ним будете делать пилить, строгать, выжигать. Не разрешается только рубить деревья. Хорошее время для уборки дома.
#HEALTH
Слабыми органами считаются гортань и шейные позвонки. Легко можно надорвать голос, противопоказаны физические и эмоциональные переутомления. Не рекомендуется употреблять алкоголь.  День хорошо подходит для заготовки целебных настоек, на растительной основе.
#BUSINESS
Все дела связанные с финансами могут идти не очень, не рекомендуется начинать новые дела, а лучше продолжить начатые. Этот Лунный день отлично подходит для работы над ошибками. ","#MAIN
4 лунный день. Не очень благоприятный день. Как помните, Адам и Ева, вкусив от Древа познания, совершили грехопадение. И этот день такой — день грехопадения."
5,5,-,Единорог,"#MAIN
Это судьбоносный день, поэтому если вселенная вам задолжала, то сегодня долг обязательно будет возвращен. Возможно вы получите очень ценную информацию, которая поможет сделать вам судьбоносный поворот, но главное не проморгать ее, следите внимательно за всем, информация может поступить совершенно от неожиданного места, например обрывок газеты или разговор в автобусе.
#RELATION
У ищущих большой шанс встретить свою любовь, поэтому внимательно отнеситесь к сегодняшним знакомствам. В 5-й Лунный день легко влюбится с первого взгляда. Свидания будут наполнены романтическим настроениям.
#HOME
В 5-й Лунный день лучше отложить все бытовые заботы. Не рекомендуется делать ремонт, строить.
#HEALTH
В 5-й Лунный день  уязвим желудок, поэтому серьезна отнеситесь к питанию, не перегружайте желудок, не ешьте тяжелые продукты. Пища сегодня обладает особой энергетикой. Так же негативные эмоции будут плохо влиять на желудочно-кишечный тракт. Не рекомендуется в этот день придерживаться жестких диет, и голодание не принесет положительного эффекта.
#BUSSINES
Не рекомендуется решать финансовые вопросы. Новые дела не принесут никаких результатов, лучше сосредоточится на решении начатых дел. Раздайте все свои долги.","#MAIN
5 лунный день. В этот день все удается, если вы проявляете творческую активность и стремитесь к достижению цели. Прекрасно усваиваются знания."
6,6,-,Птица,"#MAIN
Дух 6-го Лунного дня наполнен чистой первозданной энергией, она дает шанс каждому человеку осознать смысл собственной жизни и даже заглянуть в будущее. Прислушайтесь к своей душе, она точно знает где проходит ваш истинный путь. В этот день возможно духовное пробуждения, спонтанное озарение, усиливаются телепатические способности. Люди обладающие глубоким даром, почувствуют его если прислушаются к своему внутреннему миру. Интуиция сегодня подскажет что истинно, а что есть ложь, доверяйте своему внутреннему чутью. Сны будут вещими, и могут показать предстоящее будущее, но нужно правильно уметь их интерпретировать. 6-й Лунный день лучше провести спокойно, без конфликтов, старайтесь избегать шумных компаний и ненужной суеты, это предаст вам глубокой уверенности в себе и  не позволит напрасно растратить энергию. Посвятите лучше этот день чему то возвышенному. Прогулки и созерцание природы будут иметь лечебный эффект. Люди которые практикуют медитации, легко смогут  достичь более высоких уровней концентрации. В целом этот день очень благоприятен, он позволяет проявлять все свои способности. Возрастает удачливость, появляются новые планы и мысли, которые способны изменить Вашу жизнь к лучшему. В этот день будет хорошо удаваться научная и общественная деятельности. Однако в контактах нужно быть сдержанным, так как излишний напор или же полная бестактность могут уменьшить эффективность Ваших действий.
#RELATION
6-е лунные сутки самое лучшее время для заключения счастливых браков по любви, есть поверья что браки в этот день заключаются на небесах, поэтому могут считаться самыми счастливыми. Очень хороший день для свидания.
#HEALTH
Этот Лунный день очень хорошо подходит для дыхательных упражнений, посещения салонов красоты или косметолога. Любые омолаживающие процедуру принесут хороший результат.  В 6-й Лунный день уязвимы грудные отделы, плечи, легкие, бронхи. Также день неблагоприятен для лечения и удаления зубов.
#HOME
Отличный день для решения бытовых проблем и работы по дому. Все будет с легкостью удаваться, а уборка дома помимо грязи,  очистит и энергетику пространства.
#BUSINESS
Шестой Лунный день очень хорош для подписания новых контрактов, начала нового бизнеса, регистрации предприятия. Все финансовые дела принесут положительный результат. В целом это лучший день для бизнеса во всем лунном календаре. Единственный момент, не стоит сегодня давать деньги в долг, так как считается что вместе с деньгами вы передаете свою денежную удачу.","#MAIN
6 лунный день. День уединения и смирения. Надо спокойно заниматься своими обычными делами, но при этом ни в коем случае не роптать на жизнь, на обстоятельства, на близких."
7,7,-,Роза ветров,"#MAIN
7-й Лунный день называют днем слова. Слова сегодня имеют материальную энергетику, то есть они могут материализоваться в конкретное действие. Все что Вы сегодня произнесете может реализоваться в материальном плане. Необходимо внимательно следить за своей речью, не нужно желать никому зла, чтобы само не зная  запустить разрушительную силу в действие, ведь зло коснется в первую очередь тех, кто его направил, а не тех для кого оно было адресовано. В 7-й Лунный день постарайтесь избегать не нужной болтливости, сплетень, разговоров осуждающих других. Сегодняшний день можно смело назвать провокационным, вас будут склонять к осуждению других, болтливости. Энергия этого Лунного дня огромна и нужно постараться ее использовать для своих  поставленных целей. Направьте всю свою деятельность на осуществление своих планов, и не забывайте, что слова в эти лунные сутки приобретают глубокую магическую силу. Также нужно осознавать что ложь сегодня имеет огромную разрушительную силу, и независимо как она была произнесена, вернется к вам бумерангом. Если вы не можете сказать правду, то лучше просто промолчите.
#RELATION
В этот день нужно остерегаться конфликтов или гневных речей со своим избранником или избранницей. Если вы одиноки, то в этот день стоит помечтать о своей второй половинке.
#HOME
Ремонт и строительство, а также большие дела по дому лучше не начинать, а  закончить лучше начатые.
#HEALTH
Этот день категорически не подходит для визита к стоматологу и лечения зубов. В 7-й Лунный день уязвимы бронхи, голосовые связки, легкие. Рекомендуется соблюдать диету из легких продуктов.
#BUSINESS
Бизнес и деньги Это хороший день для занятия бизнесом для реализации своих намеченных планов. Сегодня хороший день для поиска спонсоров. В финансовом плане день считается нейтральным.
#MYSTIC
Мистическое влияние в 7-й Лунный день Это период усвоения и поглощения космической энергии. Передача мыслей, пророчества, занятия пранаямой.","#MAIN
7 лунный день. Провокационный день. Возможно, вас будут провоцировать на повышенную болтливость, на то, чтобы вы произнесли какие-то необдуманные слова."
8,8,-,"Ларец с сокровищами, Павлин, Пожар","#MAIN
В магии такой день называют временем алхимии, химических трансформаций, очищения огнем. В 8-й Лунный день начинается период перехода Лунного цикла во вторую фазу. Это довольно сложный день,  не стоит себя  перегружать физически и эмоционально. Сегодня будет хорошо провести покаяние, попросить прощения, сходить в церковь. Вообще этот день можно считать одним из лучших дней в плане покаяния и духовного развития, поэтому идеальным будет сосредоточится на внутреннем духовном развитии, попросить прощения у бога, поставить свечку. Хорошо в восьмой Лунный день иметь контакт с огнем.  Зажгите свечу или камин и  представьте как в его пламени начинают сгорать все ваши обиды и все что гложет и мучает вашу душу. Нужно освободить себя для поступления новой и чистой энергии. Если хорошо сконцентрироваться  или сосредоточится на пламени огня,  то  можно получить великое откровение. Также в этот день очень эффективными будут любые ритуалы очищения огнем. В этот день очень полезно голодание, оно способно не только физически очистить организм но и духовно. В 8-е Лунный сутки  хорошо переезжать на новое место жительства, покупать дом или квартиру. Сны, приснившиеся в 8-й Лунный день несут полезную информацию, и подсказки для нерешенных проблем.  Если вы живете по лунному календарю, то в этот день, вы должны  заметить первые изменения и перемены в своей жизни.
#RELATION
8-й Лунный день принято считать благоприятным для свиданий, но не забудьте что сегодня день прощения. Люди сегодня склонны к откровениям, и если у вас первое свидание, случайно не расскажите чего лишнего.
#HOME
Сегодня лучше  выполнять только мелкие незначительные домашние дела. Хорошо заняться любимым хобби. #HEALTH
Эти лунные сутки считаются тяжелыми для организма человека, потому как  происходит перестройка энергетического поля, которая требует довольно больших внутренних затрат. Так же в 8-й Лунный день многие подвержены к нервным расстройствам, а это может серьезна сказаться на здоровье всего организма. Очень эффективны сегодня голодания. Посещения бани, сауны не рекомендуется.
#BUSINESS
Сегодня лучше решать только мелкие финансовые вопросы, от крупных воздержатся. На работе возможны конфликтные и чрезвычайные ситуации.  День очень хорош для командировок и деловых поездок.","#MAIN
8 лунный день. Хорошо бы честно признаться себе в своих грехах. День очень хорош для освобождения от грехов — каяться будет легко, легко будет и прощать грехи другим людям."
9,9,-,"Млечный путь, Летучая мышь ","#MAIN
Этот день называют днем кармических испытаний. Девятые Лунные сутки несут довольно тяжелую энергетику, а потому сегодня будет очень уместно носить с собой свой талисман, оберег и тд., вещь которая бы сглаживала негативные последствия. Верующие люди  в такой день могут и не почувствовать ни каких негативных влияний на себя, но вот влияние темной энергии на общую окружающую обстановку они обязательно увидят и почувствуют. Не помешает в такой день провести энергетическую чистку своего жилища, потому как бывает что приходят к нам разные люди и некоторые несут в себе негативную черную энергетику, которая имеет свойство накапливаться в углах и чуланах нашего дома. Бывает что и мы сами вносим вклад этой не хорошей энергии, своим плохим настроением, бытовыми ссорами. Но несмотря на то что день кажется ужасным и страшным, вы должны оптимистически смотреть на жизнь и не ждать каких то неприятностей и тогда они обязательно пройдут мимо, а день пройдет весело и счастливо.
#RELATION
Это не самый удачный день для романтических отношений и свиданий, сегодня велика вероятность возникновения разных конфликтов со своей избранницей или избранником. Поэтому свидание лучше перенести на другой день. Так же этот день совершенно не подходит для бракосочетаний.
#HOME
9-й Лунный день хорошо подходит, для работы в огороде или саду, ухаживаниями за животными и растениями, но чтобы это не требовало тяжелых физических нагрузок. От тяжелых бытовых работ по дому лучше отказаться.
#HEALTH
В 9-е Лунные сутки очень опасна нагрузка на сосуды и сердце, поэтому нужно исключить любую тяжелую работу. Этот день отлично подходит для посещения парной или бани, но главное не переусердствовать, помните про сердце, также полезно проводить разные очистительные процедуры.
#BUSINESS
Сегодня нужно быть на чеку, даже верные партнеры запросто могут неприятно удивить, все финансовые вопросы лучше перенести на другой день, очень большая вероятность стать жертвой обмана. Не рекомендуется в такой день слушать разных советчиков. Сегодняшний день очень хорошо подходит для людей творческих профессий, они запросто могут найти вдохновения в своих делах.
","#MAIN
9 лунный день. Сатанинский день. Энергетика этих лунных суток крайне отрицательно влияет на человека."
10,10,-,"Источник, Фонтан","#MAIN
Символом 10-го лунного дня является фонтан, он символизирует неиссякаемый чистый источник энергии, воодушевления и мудрости, поэтому день сегодня поистине можно считать очень чистым, добрым и продуктивным, также это день семьи и рода. Будет хорошо посвятить этот день своим родственникам и семье, повспоминать своих предком, детство и поразмышлять на тему своего генеалогического дерева. Астрологи считают что 10-й Лунный день, является днем небесных подарков, сегодня как по волшебству легко все удается, например случайно купленный лотерейный билет может оказаться выигрышным, либо вы можете оказаться на распродаже, и купить то о чем долгое время мечтали, по не высокой цене. Люди с низкой энергетикой могут восполнить её попив воды из природных ключей, разного рода источников. Чистая вода сегодня, имеет особую энергетику. Воду можно заговаривать, чтобы поправить свое здоровье.
#RELATION
Этот день очень хорошо подходит для свиданий, романтических отношений. Отношения с противоположным полом, принесут радость и крепкие связи. Лучший вариант сегодня это отправится на природу к чистому источнику воды. Ни в коем случае не просиживайте такой день дома на диване возле телевизора. Очень хороший день для заключения браков, они будут крепкими и счастливыми и в будущем будут иметь большое генеалогическое дерево.
#HOME
Сегодня хороший день чтобы начать строительство нового дома, теплицы или бани, также хорошо начинать ремонт в доме или квартире.  В бытовых делах будет все хорошо удаваться.
#HEALTH
Сегодня не рекомендуется проводить день пассивно. Уязвимы ребра,  грудные позвонки и локтевые суставы. Отличный день для посещения бани и парной, рекомендуется пить как можно больше жидкости. Вода сегодня имеет особую целительную силу.
#BUSINESS
В 10-й Лунный день очень хорошо подходит для решения любых производственных задач, на работе царит дружелюбная обстановка. Сегодня запросто можно выполнить недельную норму. В финансовых вопросах также все будет удаваться, очень хороший день для подписания важных финансовых документов.","#MAIN
10 лунный день. День отдыха, но отдыха активного. Течение энергии жизни в человеческом организме усиливается, силы могут начать бить фонтаном.
"
11,11,-,"Лабиринт, Корона, Огненный меч","#MAIN
11-й Лунный день издавна считается днем пробуждения энергетических резервов человека, энергетика дня очень сильная и настраивает на работу. По древнеиндийской традиции этот день связан с пробуждением энергии Кундалини, поэтому у людей практикующих медитации, у верующих, сегодня возможен переход на следующий уровень развития, озарение, вдохновения или творческий полет. Энергетика сегодняшнего дня громадна, и она может быть как созидающей, так и разрушающей. В 11-й Лунный день человек выплескивает наружу все то что он из себя представляет,  показывает свое истинное лицо и натуру, сегодня трудно что то скрыть и спрятаться под маской. У людей которых нету четкого плана или цели возможно будет «заносить» в разные стороны, поэтому нужно самим взять под контроль, и управлять этой энергией, а не чтобы она управляла вами. Эмоции в такой день имеют большую силу, и зависят от зрелости, и мудрости человека. У людей которые совершенно не занимаются своим саморазвитием, или которые наоборот развиваются в обратную сторону, может нахлынуть уныние. У состоятельных людей которые ведут пассивный образ жизни и не развиваются, может появится страх что они могут остаться без средств существования. Нереализованная энергия в этот день может преобразоваться в различные страхи и фобии.
#RELATION
День сегодня отлично подходит для романтики и страсти. Это день раскрепощения и веселья. Но брак сегодня заключать не стоит, он будет страстным, бурным, но не долгим. День хорош для любовных подвигов. Так же это один из лучших дней для зачатия ребенка.
#HOME
Хороший день для любых дел по дому, силы позволят многое сделать и реализовать. Если вы затеяли ремонт квартиры или у вас идет строительство, то сегодня можно запросто сделать двойную норму.
#HEALTH
По древнеиндийской традиции сегодня день голодания, который позволит не только улучшить здоровье но и улучшить духовное развитие. День хорош для лечения бронхов и верхних дыхательных путей. Дыхательные лечебные практики, будут иметь особую силу исцеления.  Сегодня особо чувствителен живот и позвоночник, постарайтесь избегать нагрузки на спину.
#BUSINESS
Сегодня хорошо будет удаваться практически все за что вы не возьметесь, но особенно намеченные планы, они будут очень хорошо продвигаться. В финансовом плане также будет все положительно.","#MAIN
11 лунный день. Очень сильная энергетика у этих суток. С этой энергетикой нужно быть поосторожнее."
12,12,-,Сердце или чаша Грааля ,"#MAIN
Энергетика дня предрасполагает делать добро окружающим и ближним. Сегодня, необходимо как можно больше проявлять милосердие и сострадание, делать пожертвования и заниматься разной благотворительностью.  Дарите всем радость,  надежду и вдохновение. Очень полезно подавать милостыню.  Это день альтруизма, снисхождения, молитв, и осмысления своего места в нашем мире. В плане эзотерики 12-й Лунный день, называют днем вербальной магии. Желания которые вы попросите, непременно сбудутся. Главное нужно соблюдать необходимые условия, ваши желания не должны принести вред окружающим. В двенадцатые лунные сутки довольно сильно усиливается интуиция. Что может привести к возможным проявлениям тонкого мира (образы видений). На многие вопросы может ответь медитация. Хорошее время прислушаться к зову своей души , дайте ей то что она хочет не взирая на обстоятельства и внутренние барьеры разума. Ведь душевный комфорт залог крепкого здоровья и благополучия. Плохой приметой 12-го Лунного дня принято считать разбитую посуду или пролитую жидкость. Нужно обратить внимание на все эти знаки, они говорят о неправильности  пути по которому вы идете. В 12-й Лунный день нам могут приснится вещие сны, но главное нужно уметь их правильно интерпретировать.
#RELATION
Очень хороший день для заключения брака, но в одном лишь случае если брак основан на любви.  В 12-е лунные сутки можно встретить свою вторую половинку. Это день эмоций и чувств, который наполнен романтическим настроением.
#HOME
12-й Лунный день очень плохо подходит для разных бытовых дел. Так что старайтесь делать только ту работу которая действительно необходима. Это день  внутренней работы над самим собой.
#HEALTH
Очень хорошее время для проведения омолаживающих и косметических процедур. Под ударом сегодня сердца и нервная систем, поэтому им необходимо уделить особое внимание. Не стоит сегодня брать большую физическую нагрузку, заниматься бегом.
#BUSINESS
Двенадцатые лунные сутки плохо подходит для любых ваших начинаний. Все важные мероприятия для вас стоит отложить.  Большинство людей сегодня проявляют нервозность, непостоянство, обидчивость и нежелание идти на компромисс, а так же болезненную эмоциональность.","#MAIN
12 лунный день. В этот день необходимо проявлять милосердие и сострадание. Тот, кто этого не сделает, никогда не дождется милости от других.
"
13,13,-,"Змея, Колесо","#MAIN
В 13-е Лунные сутки  космические вибрации, очень благоприятно сказываются на всей творческой энергии. Занимайтесь сегодня тем что близко вашей душе, и у вас получатся поистине божественные творения. Прислушайтесь к советам которые дают другие люди, и вы сможете чему то у них научится. Сегодняшний период очень хорош для работы в группе. Все что связано с обучением будет закладывать прочный фундамент на будущее. 13-й Лунный день дает большой шанс для работы над ошибками, и их исправления. Сегодня могут повторяться разные жизненные ситуации, которые вы уже проходили. Если в ближнем вашем окружении есть люди,  после общения с которыми, у вас появляются нехорошие ощущения, чувства собственной неполноценности,  болит голова,  вы начинаете впадать в депрессию, это как раз идеальный момент чтобы бы разорвать всяческие отношения с этими людьми, и двигаться дальше. Это день предсказаний и гаданий. Предсказания, получившие в этот день, сильно могут изменить вашу судьбу. Так же это день восприятия информации, которая в будущем вам обязательно пригодится. Сегодня очень хорошо приобретать талисманы и разные обереги, они будут иметь особую связь с вами. В 13-е сутки сны считаются вещими, но их очень сложно понять и разгадать.
#RELATION
В тринадцатый  день Луны нужно воздержатся от новых  контактов и знакомств. Этот день также не подходит для свиданий, так как настроение  не благоприятствует романтической обстановке.
#HOME
В этот мистический и магический день очень хорошо печь хлеб.  Это замечательное время для крупных бытовых дел и ремонта дома или квартиры.
#HEALTH
13-й день Луны отлично подходит для всех видов омоложения и лечения  волос, кожи. Лекарства, крема и мази будут действовать намного сильнее, чем в другие дни.  День хорош для очистительных процедур, самовосстановления и самолечения. Очень полезны сегодня водные процедуры, баня, сауна, обливание холодной водой.
#BUSINESS
Все начинания сегодня неблагоприятны. Лучше посвятить это время работой над ошибками, ревизией и пересмотром старых дел.  Самый лучший день для любого вида анализа, коррекции и исправления, а также получения новой информации.","#MAIN
13 лунный день. В этот день идут процессы омоложения организма. Поэтому очень хорошо заняться собой."
14,14,-,Труба,"#MAIN
Четырнадцатые лунные сутки очень активны, но так же и опасны одновременно. Их опасность может заключается в том, что в этот день может быть заложен некий психологический фундамент, который ведет к саморазрушению. В такой день внутренний конфликт с самим собой может стать совершенно непереносимым, и даже  мелкое событие стать  «последней каплей».  У людей,  которые живут без цели, и определенного смысла жизни может наступить депрессия, потому как нету выхода Лунной энергии. В связи с этим именно  в 14-й Лунный день  наблюдается мания преследования, а по статистике совершается много самоубийств. В такой день хорошо подходит совершенствовать свое мастерство и профессионализм в каком – либо деле. Прислушайтесь к рекомендациям и советам окружающих людей. Прислушайтесь к своей внутренней интуиции, зову души – ведь сегодня ее тихий шепот, очень  громок. Наше внутреннее подсознание видит все возможные и не только возможные, варианты событий. 14-й Лунный день способствует сильному укреплению семьи и их связей, взаимопониманию между младшими и старшими поколениями.  Кроме того, атмосфера этого дня способствует общению на всех уровнях с коллегами и друзьями, а также  партнерами и начальниками.
#RELATION
Часто в такой день люди бывают, подвержены депрессии и апатии, потому как Лунная энергия в 14-е лунные сутки сильная, а человек не способен ее реализовать и воспользоваться ею.
#HOME
В четырнадцатый день Луны можно заниматься любыми крупными бытовыми делами,  устроить большую стирку или генеральную уборку. Также это хороший день для любых видов ремонта и строительства. Не плохо было бы энергетически почистить свой дом и пространство.
#HEALTH
В 14-е сутки – очень хороший день для чистки кишечника и кожи. Голодание этот день будут иметь сильный целительный эффект. В этот день особо чувствительны глаза, постарайтесь не перегружать зрение. Не рекомендуется находится в пассивном состоянии, очень полезна физическая работа в любом виде.
#BUSINESS
Отличный день для  бизнесменов и карьеристов. Направьте свою энергию на решения важных дел, это очень хороший день для решения финансовых вопросов и подписания договоров. Удачный день для поездок и деловых встреч.
","#MAIN
14 лунный день. Не пропустите этот день: он исключительно удачен для начала любого важного дела. Все начатое в эти сутки с блеском удается."
15,15,-,Шакал,"#MAIN
15-е Лунные сутки являются собственно Полнолунием, и одним из важных этапов всего Лунного месяца. Сегодня Луна находится в своем апогее, пике энергетической насыщенности.  В этот день можно использовать весь резерв человеческих сил,  если у вас их куда то не хватало, сегодня обязательно хватит. Сегодня можно свернуть горы, и победить даже в самой казалось бы экстремальной ситуации, конечно же если у вас есть четкий план. 15-й Лунный день – называют периодом плотских искушений. Сегодня человека многое искушает он делается внушаемым, податливым,  поддается любым земным соблазнам. В такой день активируется внутренний змей человека, который искушает его к плотским и низменным удовольствиям, поэтому  нужно научиться побеждать себя и свою плоть, чтобы защитить свою внутреннюю чистоту, светлое начало, иначе деградация и разрушения собственного внутреннего стержня неизбежна. Главная задача пятнадцатых Лунных суток – победа над собственным эго. В такой Лунный день можно стать свидетелем претензий и ссор. Происходит это потому что  нам дается громадная Лунная энергия, но ее очень трудно взять под контроль. Только когда у человека имеется всепоглощающая цель, лишь в этом случае он может разумно контролировать эту мощную энергию, которую подарила нам Луна. Многие люди винят полнолуние в том, что дела идут плохо, наперекосяк, но это полное заблуждение. Энергия Луны в данный период многократно усиливает то, что мы сами посеяли, и нам лишь приходится пожинать плоды. Сна сегодня могут быть вещими, но их трудно разгадать.
#RELATION
Романтические свидания и встречи лучше перенести на другой период, это сложный день во всем Лунном цикле и романтике место вряд ли найдется. Люди легко поддаются провокациям, не держат себя в руках.
#HOME
Сегодня нужно заниматься только любимой работой, если уборка дома поднимает вам настроение, значит занимайтесь ею. Любая любимая работа сегодня только приветствуется.
#HEALTH
В 15 Лунный день — хорошо проводить голодания и диеты,  переедать сегодня не рекомендуется. Сегодня уязвимы кишечник, поджелудочная железа, поэтому люди страдающие диабетом должны уделить особое внимание своему здоровью. Не нужно допускать кровопотерю, и также не рекомендуются хирургические операции.
#BUSINESS
В пятнадцатый Лунный день не нужно начинать никаких важных дел. По возможности перенести все финансовые дела и важные переговоры, на другой день, и не слушать никаких советчиков.","#MAIN
15 лунный день. Сатанинский день. Есть опасность поддаться любым соблазнам, стать внушаемым, ленивым, податливым для вредных влияний."
16,16,-,"Лестница в небо, Бабочка","#MAIN
Физическое и астральное тело сегодня находятся в равновесии. Чтобы не случилось, постарайтесь сегодня сохранять гармонию и не нарушать свой внутренний душевный комфорт. Считается, что бесцеремонное поведение должны полностью быть исключены в 16-е Лунные сутки. Это день — истинной веры в Бога и чистоты.  В древности в этот день посвящали проповедников. День очень хорошо подходит для крещения ребенка, ну  или собственного крещения, если вас не крестили. Самый подходящий день для венчания,  удочерения или усыновления приемных детей. Активный образ сегодня не приветствуются, поэтому избегайте излишнего  беспокойства или суматохи. 16-й Лунный день хорош для написания стихов, творчества, вязания  и т.д. Очень удачны будут поездки и путешествия. День отлично подходит для принятия серьезных решений, которые изменят всю вашу жизнь. Если вы прибываете на нелюбимой работе, самое время ее покинуть.
#RELATION
Сегодня прекрасный день для романтических встреч и свиданий, проведите свое свидание в тишине подальше от посторонних глаз. День очень хорошо подходит для бракосочетаний.
#HOME
Шестнадцатые Лунные сутки хорошо подходят для любых домашних дел как глобальных, так и мелких. Очень благоприятен для продажи и покупки дорогого имущества.
#HEALTH
16 Лунный день – считается днем обновления крови. Могут появится всевозможные обострения связанные с заболеванием крови. Негативному воздействию сегодня подвержена селезенка. Не рекомендуются хирургические операции. Опасна кровопотеря. Очень эффективны сегодня вегетарианские диеты.
#BUSINESS
Сегодня — время отдыха. Важные и серьезные дела лучше перенести на другой день, договоры не рекомендуется заключать. Финансовые дела тоже лучше перенести.","#MAIN
16 лунный день. Энергетика этих лунных суток очень гармонична. Это чистый, светлый день, очень спокойный. Ни в коем случае нельзя нарушать это спокойствие."
17,17,-,Гроздь винограда,"#MAIN
Символом 17-х Лунных суток является виноград, а он в свою очередь олицетворяет символ плодородия. В восточной традиции этот Лунный день посвящен Шакти – это богиня женственности. Это одни из прекрасных дней для зачатия ребенка. В этот день происходит преобразование женской энергии. Семнадцатый Лунный день очень хорошо подходит для застолий и праздников, и разнообразных увеселительных мероприятий. Сегодня люди становятся очень любвеобильными и эмоциональными. Это день  гармонии, любви, жизнелюбия и веселья.   Излучайте энергию радости и праздника и к вам обязательно притянутся успех, удача и везение. Потому как,  что мы излучаем, то обычно и притягиваем.
#RELATION
Сегодня очень подходящий день для бракосочетаний, есть давняя примета, венчанные в этот день будут жить долго и счастливо как в сказке. Прекрасный день для романтических свиданий, велика вероятность влюбится с первого взгляда.
#HOME
В 17-й Лунный день не рекомендуется работать, это время не подходит для стирки и уборки, сегодня время праздника.
#HEALTH
Сегодня уязвимы кожа, глаза, эндокринная и нервная системы, почки и поясница. Семнадцатые Лунные сутки  хорошо подходят для водолечения, очищения от шлаков, самолечения и самовосстановления голодания. Сегодня смело можно следовать учениям нетрадиционной медицины, а так же лечиться у экстрасенсов.
#BUSINESS
Прекрасный день для всех видов финансовых дел, но очень важные дела и вопросы рекомендуется отложить. Серьезные переговоры в 17-й Лунный день скорей всего не получатся. Энергетика этого Лунного дня очень свободна, что никак не благоприятствует рабочим делам.","#MAIN
17 лунный день. В этот день мы с легкостью обретаем внутреннюю свободу. Можно дать себе волю, раскрепоститься и всласть повеселиться."
18,18,-,"Обезьяна, Зеркало ","#MAIN
Восемнадцатые Лунные сутки являются пассивным днем, сегодня его можно символически назвать Лунным зеркалом. Энергия Луны отражает все что у нас находится внутри, идет как бы разворачивание нашего внутреннего «эго» или «я». Происходящие события сегодня,  могут показать нам, то что окружающая вокруг нас действительность является зеркальным отпечатком  нашей сущности, всех наших поступков и помыслов. Это говорит о том что каждый из нас имеет свое зеркало, один-ровное и чистое, другой — кривое, как будто в глаза попали осколки, и поэтому он все видит в искаженном виде. Проявленная сегодня  наблюдательность поможет вам узнать, как обстоят дела на данный момент, покажет вам зеркальное отражение вашего собственного мира. Если вас кто нибудь обидел или высказал дурное мнение в вашу сторону, то не нужно обижаться на этого человека.  Вселенная через него показывает вам, на какой аспект жизни нужно обратить внимание, чтобы стало лучше. И напротив, вы весь день слышите слова благодарности и почета, это говорит о том что вы правильно движетесь, окружающий мир вас любит, и у вас чистое и ровное зеркало. В 18-й Лунный день нужно увидеть все намеки которые дает нам Вселенная, правильно  понять их, и трезво оценить всю ситуацию, а по завершению сделать соответствующие выводы. А следующим  шагом в вашем развитии, должно быть устранение этого недостатка. В целом 18 Лунные сутки нужно рассматривать как преподнесенный урок именно вам, и вы обязательно должны его усвоить, иначе он будет повторятся каждый Лунный месяц. Сны, в этот день бывают вещими, и несут много ценной и полезной информации, главное их нужно правильно понять.
#RELATION
Восемнадцатый Лунный день совсем не подходит для романтических свиданий и отношений. Случайные знакомства в этот день в будущем могут быть очень перспективными.
#HOME
Это прекрасный день для самых различных дел по хозяйству и дому, не повредит и тяжелая физическая работа.
#HEALTH
В восемнадцатые Лунные сутки голодание приобретает особые целительные свойства. Сегодня очень полезно прочистить толстый и тонкий кишечник, провести оздоровительный массаж, омолаживающие и водные процедуры. Благоприятно скажется на вашем здоровье посещение сауны или бани. В этот день особо уязвимы почки и поясница.
#BUSINESS
В 18-й Лунный день лучше не делать никаких шагов в финансовых вопросах. В других аспектах бизнеса, день тоже не предсказуемый, важные дела лучше отложить на другой день.","#MAIN
18 лунный день. В эти лунные сутки окружающая действительность будет, как зеркало, демонстрировать нашу истинную сущность."
19,19,-,"Сеть, Паук ","#MAIN
Энергетика дня сегодня очень тяжелая. В  19-е Лунные сутки  просыпаются энергетические вампиры, которые ждут свою добычу и не прочь перекусить вашей энергией. Это день темной магии, ее влияние очень неблагоприятное и сильное. Нужно избегать заброшенных темных помещений, углов, завалов. Если вы почувствовали себя нехорошо в каком то доме или помещении, лучше немедленно удалится из этого места. Не нужно общаться с неприятными и незнакомыми людьми, а также знакомится с новыми людьми. В девятнадцатый Лунный день у многих людей пробуждается гордыня, зависть и злоба, все низменные чувства и инстинкты, дремлющие в нас под слоем нравственности, морали и воспитания.  Накатывается депрессия, обостряются страхи, и неуверенность в себе. В такой день очень велика вероятность обмана и самообмана. Вы легко можете поверить и убедить в себя в том чего на самом деле не существует. 19-й день Луны идеален для очищения. Сегодня можно очистить практически все: мысли, душу, тела, энергетику дома и т.д. Этот день считается идеальным для избавления от старых обид, осевших у нас в сознании.  Ведь мы имеем невидимые энергетические нити с каждым человеком, которого когда то встречали. И чем больше и сильнее обида, тем сильнее вы связаны с ним энергетической связью. И по этим связям уходит наша жизненная энергия, а она так нужна каждому человеку, для развития и счастливой жизни. Сны сегодня несут ценную информацию из будущих событий нашей жизни.
#RELATION
Это неподходящее время для романтических встреч и свиданий, 19-й Лунный день — очень сложный, поэтому лучше перенести их на другой день. Сегодня очень легко ошибиться и обманутся и совершенно не подходит для знакомств.
#HOME
Сегодня было бы очень хорошо провести энергетическую чистку и генеральную уборку дома, разгрести накопившиеся завалы, выкинуть старые и ненужные вещи, убраться там где очень редко убераетесь. Это обновит энергетику дома и принесет свежие и чистые вибрации.
#HEALTH
В 19-й Лунный день хорошо бы заняться чисткой организма от накопившихся шлаков, сесть на диету, или начать делать новый цикл физических упражнений.  Уязвимы сегодня сигмовидная кишка, аппендикс, поэтому не рекомендуется на них проводить хирургические операции.
#BUSINESS
Для бизнеса и карьеры- это нейтральный день. Не стоит только заниматься денежными делами, так как велика вероятность самообмана и сегодня легко стать жертвой мошенничества. Не рекомендуется в этот день возвращать долги, так как велик риск залезть в новые. Для работы в творческом направлении — это прекрасный день.","#MAIN
19 лунный день. Сатанинский день. В это время миром правит очень тяжелая и неблагоприятная для человека энергетика. Очень велика опасность поддаться дурману, наваждению."
20,20,-,"Орел, Птица высокого полета","#MAIN
Энергетика 20-х Лунных суток веет таинственностью. Это мистический день, так же его называют днем птичьего полета. У каждого из нас появляется шанс, чтобы со стороны, с высока взглянуть на свою жизнь. Сегодняшний день неплохо было бы посвятить осознанию наших внутренних связей,   между событиями, людьми,  природой и предметами которые нам дороги. Нам следует понять, что в нашем мире ничего случайного не происходит. Все очень закономерно и вытекает одно из другого. В древности великие мудрецы говорили: «нужно глядеть не на вещи, а увидеть связи между ними, тогда вам приоткроется великая истина». В 20-й Лунный день энергия Луны дает нам шанс, направить свою энергию на преобразования и изменения себя. Этот день поможет услышать внутренний голос души, чтобы обрести свой внутренний стержень, укрепить свои принципы, и обрести самих себя. Прекрасный день для медитации, духовного преображения, познания законов Вселенной, постижения собственного пути и смысла жизни. Люди которые умеют читать и видеть знаки природы,  сегодня  могут увидеть знамение.  Очень полезно получить моральное и эстетическое удовольствие от наблюдения за различными природными творениями.
#RELATION
Прекрасное время для романтических и любовных встреч. В такой день люди очень легко понимают друг друга. Энергетика этого дня располагает к спокойному и позитивному времяпровождению. Благоприятный день для бракосочетаний.
#HOME
В эти сутки по возможности следует отказаться от разных бытовых работ. рекомендуется выполнять лишь неотложные дела. Очень хороший день для высадки деревьев и многолетних растений.  Хороший день для начала строительства дома.
#HEALTH
В 20-й Лунный день нужно взять под контроль свои эмоции. Нужно внимательно отнестись к своему зрению и желудку. Уязвимы сегодня нервная система, желудок, глаза. Очень хороший день для любых посещений бани и сауны.
#BUSINESS
Это прекрасный день для начала любого дела и решения всех денежных вопросов. Он очень хорошо подходит для коллективной работы, активных действий, карьеры и определения своей цели.","#MAIN
20 лунный день. Символ: орел. Энергетика этих лунных суток дает нам силу для духовного роста. Не сомневайтесь, берите барьер, который возник перед вами, — этот день создан для победы над собой!"
21,21,-,"Колесница, табун Лошадей","#MAIN
Жизнь — это движения, такой девиз звучит в двадцать первый день Луны. Энергетика велика и она заряжает всех на движения, что очень благоприятствует для реализации любого дела. Сегодня с легкостью можно выполнить двойную норму работы, и при этом совершенно не почувствовать усталости. Также это день коллективной работы, люди которые объединят свои усилия, добьются очень высоких результатов. В эзотерике двадцать первый Лунный день считается днем интуиции. Необходимо серьезна отнестись к своему зову души и внимательно слушать его. Если вы почувствовали необходимость приобрести  лотерейный билет, то обязательно нужно купить его, велика вероятность что он может оказаться выигрышным.
#RELATION
Очень положительный день для романтических свиданий и встреч. Люди настроены на активный отдых и дружескую атмосферу. Прекрасный день для бракосочетаний, свадьба в этот день будет наполнена жизнерадостными событиями и запомнится на всю жизнь.
#HOME
Этот день очень хорошо подходит для реализации любых дел по дому, которые требует большой физической нагрузки. Так же сегодня идеальное время для заготовки продуктов на зиму. В такой день можно заняться тем что вы откладывали в долгий ящик, боялись начать, как говорится: «Глаза боятся, руки делают», так вот сегодня руки сделают любую тяжелую работу.
#HEALTH
Отличный день для физической нагрузки, занятия спортом и физкультурой. Если не получается заняться этим, то хотя бы сделайте пешую прогулку — это очень положительно скажется на вашем здоровье. Уязвимы сегодня: брюшная полость и тазобедренные суставы.
#BUSINESS
Это очень хороший день для бизнеса и карьеры, сегодня прекрасно будут идти все виды денежных дел. Коллективная работа покажет  невиданные результаты. Это лучший день для людей которые ищут себе работу. Тот кто сегодня расплатится со всеми своими долгами — притянет к себе денежную удачу.","#MAIN
21 лунный день. Энергетика этих лунных суток пробуждает в человеке активное начало. День придает нам необыкновенную храбрость."
22,22,-,Слон,"#MAIN
В 22-й Лунный день благоприятно постигать тайные знания, сегодня могут посетить гениальные решения казалось бы тупиковых проблем. Наше виденье расширяется, и у нас появляются способности взглянуть на одно и тоже решения, совершенно с разных сторон. Наш мозг сегодня очень активен, и мы можем читать между строк. Двадцать второй день Луны лучше полностью посвятить своему самообразованию. Идеальное время для посещения библиотеки, повышения уровня своих знаний, творческого и духовного обновления. Сны, сегодня могут быть вещими. Если вам приснился ключ или книга – это благоприятный знак подтверждающий, что вы на правильном пути и впереди у вас большие перемены к лучшему.
#RELATION
Сегодня хороший день для встреч и романтических свиданий. Для бракосочетаний день не подходит, потому как не благоприятствует началу серьезных дел.
#HOME
В 22-й день Луны, можно заниматься любыми делами по дому. Но помните что это день творческой мысли, поэтому и дела лучше направить в этом же русле. Сегодня прекрасное время для перестановок в доме, смены интерьера. Так же сегодня хорошо делать любые заготовки на зиму.
#HEALTH
Сегодня происходит энергетическая перестройка организма, которая требует огромных затрат, поэтому общий фон, не очень благоприятен для здоровья. Не нужно допускать физических нагрузок. Уязвимы: крестец и нижняя часть позвоночника.
#BUSINESS
Эти Лунные сутки благоприятствуют путешественникам и тем кто отправился в командировку. Очень хороший день для любой творческой работы, и самообразования.
","#MAIN
22 лунный день. День мудрости, постижения новых знаний. Особенно сильны умственные способности. Любые знания легко усваиваются."
23,23,-,Крокодил,"#MAIN
Энергетически день очень насыщен, но не каждому дано освоить эту энергию. Сегодня активируются энергетические вампиры, а люди с низким энерго — обменом становятся нервными и конфликтными. 23 Лунный день тестирует энергетические каналы человека, если они забиты, вы это сразу же почувствуете. Но если сегодня вам дышится легко и вы чувствуете себя прекрасно, значит ваши энергетические чакры работают и вы на верном пути. В обратном случае вам стоит сбавить ритм жизни и задуматься, правильным ли курсом вы движетесь, свои ли цели приследуете. Время сегодня отличается дуальностью, для одних прекрасный солнечный день насыщенный яркими красками и событиями. Для других угрюмый серый фон с непреодолимыми задачами и нервной обстановкой. Человек сегодня выступает в качестве линзы через которую пропускают луч света, и то что имеется на выходе индивидуально для каждого человека. Сны сегодня могут приснится вещии, но их сложно расшифровать
#RELATION
Сегодня хороший день для того чтобы увидеть вашего партнера без маски, только не стоит забывать что и вы сегодня без маски.
#HOME
Двадцать третьи Лунные сутки хорошо подходят для любых домашних дел которые требуют большую физическую нагрузку. Хороший день для завершения чего то начатого, но руки ни как не доходили, сегодня то время чтобы все завершить.
#HEALTH
Это хороший день для самолечения и целительства. Сегодня не рекомендуются хирургические операции, за исключением срочных случаев. Уязвим  позвоночник. Будет полезным однодневное голодание, а так же любые процедуры направленные на очищения организма от шлаков.
#BUSINESS
Это неблагоприятный день для бизнеса и карьеры. Постарайтесь не делать ничего важного. В такой день хорошо проводить закрытие предприятия или отказываться от финансовых схем которые приносят убытки.
","#MAIN
23 лунный день. Энергетика этих суток тяжелая и темная, и притом очень мощная. Она провоцирует человека на агрессию и насилие. Хочется все поломать и разрушить."
24,24,-,Медведь,"#MAIN
В эзотерике — это период созидания нового и разрушения старого. Прекрасный день для  энергоемких и трудных дел, которые требуют тяжелого умственного или физического труда. Луна в 24-й день снабжает нас большим количеством энергии, но к сожалению, не многие способны справиться с ней, из-за чего у многих возникает тяга к экстремальным ситуациям,  авантюрам и желаниям «выпендрится» показать себя. Также, большой энергетический избыток можно снять спортивными упражнениями. В целом энергетика дня дружественная, день кажется радостным и тихим, настроение праздничное, а люди благодушные. Если вы относите себя к пассивным людям, либо в настоящее время это вам необходимо,  то можно посвятить эти Лунные сутки сну или отдыху.
#RELATION
Сегодня хороший день для романтических свиданий, и они как правило проходят на высоте. Сегодня очень высокий сексуальный потенциал, как у мужчин так и у женщин. Для зачатия ребенка, этот день считается одним из лучших во всем Лунном цикле.
#HOME
Сегодня приветствуется любая работа по дому. 24-й день Луны считается очень благоприятным для начало строительства дома, закладки фундамента. Издавна в это день, начинали строительства храмов.
#HEALTH
Сегодня организм очень хорошо справляется с тяжелыми физическими нагрузками. Благоприятный день для занятия активными видами спорта, йогой,  силовыми практиками. Если чувствуется физическая слабость , то она легко лечится сном и отдыхом. Секс сегодня очень полезен. Уязвимы прямая кишка, кожа, печень, поэтому рекомендуется соблюдать диету и здоровый сон.
#BUSINESS
Двадцать четвертые Лунные сутки очень удачны для любых дел, как новых, так и для завершения начатых. Новые дела начатые сегодня, в будущем принесут вам деньги и успех. Проявите активность и вы свернете горы. Очень благоприятный день, для решения всех денежных вопросов.
","#MAIN
24 лунный день. В эти лунные сутки пробуждаются силы природы, благоприятствующие созиданию. И человек просыпается от спячки, в нем пробуждается сила."
25,25,-,"Раковина, Черепаха ","#MAIN
В эзотерике этот день, приоткрывает окно в мир тонких энергий, у людей с даром провидцев открывается канал телепатии, ясновидения. Можно подсмотреть и узнать свое будущее. Сегодня день предсказаний и пророчеств. Все виды гаданий, будут предсказывать точные события из будущего. У тех кто долгое время практикует  медитации, сегодня возможен приход «Сиддхи»,  в йоге это называют побочным даром сверхъестественных способностей (ясновидения, телепатия, совершенная интуиция, осознанность). Активные действия в 25-й Лунный день не принесут положительного результата, но запросто  могут вывести из равновесия и душевного покоя, лучше этот день провести спокойно и посвятить его себе. Сны в 25-е Лунные сутки очень часто бывают вещими и достаточно символичными, но нужно уметь грамотно их истолковать. #RELATION
Сегодня нейтральный день для романтических свиданий и отношений, если вы неразговорчивы, то лучше перенесите свидание на другой день, а то при встречи будете все время молчать.
#HOME
Сегодня не благоприятный день для серьезных дел по дому. Ремонт лучше перенести, чтобы потом не переделывать, сегодня мало что удается, и скорей это приведет к эмоциональному срыву, чем к положительному результату.
#HEALTH
В 25-й день Луны не рекомендуются  физические нагрузки, а также откажитесь от тяжелой пищи. Здоровье хорошо восстанавливает дневной сон, конечно же если был полноценный ночной. Уязвимы сегодня уши, голова, органы чувств.  Самый лучший день для занятия йогой.
#BUSINESS
Для бизнеса и карьеры это нейтральный день, люди в 25-й день Луны как правило ленивы,  апатичны и невнимательны. Все денежные дела лучше перенести, так как велика вероятность совершить ошибку.
","#MAIN
25 лунный день. День пассивности. Провести его желательно в покое и одиночестве. Не надо начинать ничего нового, но следует завершить уже начатое."
26,26,-,Жаба,"#MAIN
Сегодня нужно знать, что эмоции несут в себе большую разрушительную силу. Поэтому могут возникнуть серьезные ссоры, в которых часто хлопают дверями или упаковывают чемоданы. После таких ссор, как правило следует период, ощущения глубокой опустошенности и депрессии. Если же вы сумеете побороть себя, а в будущем развить в себе огромное терпение, а также способность которая позволит прощать другим, вы сможете освоить эту тяжелую энергию Луны, и преобразовать ее в чистую любовь, что позволит стать по настоящему счастливым и светлым человеком. Сегодня хорошее время понаблюдать за собой, за своим эго, взглянуть на себя со стороны — это выводит человека на новый уровень осознанности. Если вы чувствуете тяжесть, беспокойство, то лучше этот день посвятить себе, а важные дела перенести на другое время. Сны #RELATION
26-й Лунный день совершенно не подходящий день для романтических свиданий и отношений, так как для многих, день эмоционально тяжелый, и не располагает к романтическому настрою.
#HOME
Сегодня лучше ограничится легкими домашними делами. Не стоит в такой день начинать ремонт или строительство.
#HEALTH
Главное не нервничать, так как велика вероятность впасть в депрессивное состояние и замкнутся в себе. в 26-й день Луны уязвимы: бедра, ногти и зубы. Не рекомендуется лечить  и удалять зубы. Прекрасный день для лечения кожи и посещения салонов красоты.
#BUSINESS
Двадцать шестые Лунные сутки неблагоприятны для любых важных дел, а также денежных операций. Сегодня лучше не заключать ни каких договоров и сделок. Велика вероятность столкнутся с мошенниками.
","#MAIN
26 лунный день. Опасный день. Людей так и тянет поругаться. Они попусту болтают, суетятся, зря тратят энергию. Этого надо избегать."
27,27,-,Трезубец,"#MAIN
27-й Лунный день — это время преображения, обретения знания и мудрости, обращения к своим истокам. Это очень хорошее время для научных видов деятельности, повышения квалификации, сбора и анализа информации, тестов, опросов. У творческих людей сегодня может появится источник вдохновения, и они смогут полностью уйти в работу. Интуиция и шестое чувство, сегодня будут на высоте, доверяйте им, и они помогут найти выход казалось бы из тупиковых ситуаций. В эзотерике — это день тайных знаний. Рекомендуются занятия медитацией, в этот день может прийти интуитивное прозрение. Сны двадцать седьмых Лунных суток несут много полезной информации, но очень сложны для правильного толкования.
#RELATION
27-й день Луны считается благоприятным для романтических свиданий и встреч, но только если они пройдут в нешумных компаниях или уединенных местах. Так же это хорошее время для заключения браков.
#HOME
Благоприятный день для всех видов дел по дому. Но ремонт и строительства не рекомендуется начинать сегодня, а лучше завершать начатые дела.
#HEALTH
В 27-е лунные сутки не рекомендуются тяжелые физические нагрузки. Уязвима сегодня лимфатическая система. Это прекрасный день для прогулок на свежем воздухе возле водоемов, от них вы получите целительный заряд жизненных сил.
#BUSINESS
Этот день благоприятствует научной и творческой работе. Сегодня легко выполнить недельную норму работы.
","#MAIN
27 лунный день. Этот день сильно связан с интуицией. Интуитивно можно получать всевозможные сокровенные знания. День сулит множество неожиданных открытий."
28,28,-,Лотос,"#MAIN
Энергетика 28-го дня Луны чистая и светлая и сулит удачу в созидательных делах. Сегодня прекрасный светлый день. Удача будет сопутствовать во всех строительных и производственных сферах деятельности человека, не зависимо от масштаба. Любая работа направленная на созидания будет приносить массу положительных эмоций и легко справляться. Прекрасное время для строительства дома и ремонта квартиры, починки автомобиля в гараже и тд. А вот не благоприятствует это время, всем видам деятельности которые направлены на разрушения, рыболовецкие шхуны вернутся без улова, а у лесорубов дела не сложатся. Символом этих Лунных суток является лотос, он отождествляет духовное человеческое развитие. В 28-й Лунный день жизнь также преподносит нам уроки, к которым очень внимательно нужно отнестись. Например если вам не хватает денег, это может говорить о том, что вы занимаетесь не любимым и не своим делом. Самое время прислушаться к голосу своей души, если ее услышать, она выправит ваше положение. Сны сегодня могут приснится вещие, и как правило они указывают на решение какой либо проблемы.
#RELATION
Сегодня прекрасный день для свиданий и романтических отношений, особенно если это первое свидание. Энергетика Лунных суток благоприятствует созданию новых пар. Так же это хороший день для бракосочетаний. #HOME
28-е Лунные сутки сулят удачу во всех домашних делах, сегодня прекрасный день для строительства и ремонта дома, самый лучший день для ремонта автомобиля, все будет получатся как бы само собой, и при этом сопровождаться прекрасным настроением.
#HEALTH
Хороший день для занятия спортом и началом цикла физических упражнений. Сегодня также очень благоприятный день, для лечения кожи, и посещения косметолога. Очень эффективными сегодня будут занятия дыхательными практиками и посещения бани или сауны.
#BUSINESS
28-й день луны очень благоприятный для бизнеса и карьеры. Все денежные дела будут удаваться с невероятным успехом. Особенно принесут положительные плоды контракты и договора, заключенные в начале лунного цикла.","#MAIN
28 лунный день. Один из самых благоприятных дней. Энергетика этих лунных суток очень гармонична. Она действует на человека благотворно, оздоравливающе, очищающе."
29,29,-,Спрут,"#MAIN
В 29-е Лунные сутки очень хорошо завязывать с плохими привычками. Например если вы хотите бросить курить, и переборите себя сегодня, то на следующий день вам будет намного легче бороться, потому как сегодня вся чернуха просится наружу.  Этот день отлично подходит для избавления от не нужных вещей, сегодня можно сбросить камень с души, избавится от всего что мешает вам двигаться вперед. 29-й день Луны благоприятен для начало цикла диеты, и жизни по новому. Бывает так что 29-й Лунный день полностью завершает Лунный месяц, а 30-й день Луны не наступает. Если это так, то значит сегодня окончание всего лунного месяца. Можно анализировать ошибки и размышлять о прошедшем периоде.
#RELATION
Сегодня очень неблагоприятный период для романтических встреч и отношений, поэтому если у вас запланировано свидание, то лучше перенести его на другой день. Так же в этот день не рекомендуется проводить бракосочетания.
#HOME
Сегодня травмоопасный день, поэтому не рекомендуется проводить ремонтных и строительных дел по дому. Но сегодня очень благоприятный день для избавления от ненужного хлама и расчистки завалов, поэтому хорошо было бы провести генеральную уборку и энергетическую чистку дома.
#HEALTH
Сегодня нужно внимательно отнестись к своему здоровью, очень велик риск получения травм и респираторных заболеваний. Этот Лунный день хорошо подходит для чистки организма, очень эффективным будет голодания. #BUSINESS
Это время подводить итоги, никакие новые дела начинать не рекомендуется. Денежные дела могут идти удачно, особенно если они заранее планировались.","#MAIN
29 лунный день. Сатанинский день, причем самый опасный и страшный из всех сатанинских дней лунного месяца. В это время черные, безлунные ночи — вот-вот наступит новолуние, и Луны не видно на небосводе."
30,30,-,золотой Лебедь,"#MAIN
30-й день Луны бывает не в каждом Лунном цикле, а если он наступает, то длительность его составляет всего несколько  часов. Но несмотря на свой короткий промежуток времени, он вносит свой вклад и несет определенную энергетику как полноценный Лунный день. Энергетика 30-го дня Луны благоприятная, настраивает на безмятежность и внутреннюю уверенность. В это время будет хорошо проанализировать свои ошибки, раздать долги, простить обидчикам все обиды, в общем сделать все необходимое чтобы закрыть все свои накопившиеся хвосты. В тридцатые Лунные сутки нужно направить свою деятельность на завершение всего что вам мешает двигаться вперед.
#RELATION
Сегодня благоприятный день для романтических встреч и свиданий, только не нужно забывать что 30-й день Луны очень короткий, поэтому нежелательно будет если ваше свидание попадет на стык между окончанием 30-х Лунных суток и началом 1-го лунного дня.
#HOME
Как и 29-е Лунные сутки, сегодня хороший день для генеральной уборки и энергетической чистки дома, для избавления от завалов и ненужных вещей.
#HEALTH
Сегодня очень благоприятный день для чистки организма, голодания. Прекрасный день для посещения бани и сауны, это позволит смыть не только физическую, но и энергетическую грязь с себя.
#BUSINESS
Сегодня прекрасный день для анализа и поиска ошибок, а вот задумывать новые планы не стоит, лучше всего дождаться 1-го дня Луны. Деньги сегодня лучше никуда не вкладывать.","#MAIN
30 лунный день. Эти лунные сутки бывают не каждый месяц Гармоничный день, когда на Земле вновь торжествуют свет, добро и любовь."
99,99,-,-,"https://geocult.ru/luna/1-y-lunnyiy-den
#MAIN
#RELATION	Любовь и отношения
#HOME		Домашние дела
#HEALTH		Здоровье
#BUSINESS	Бизнес и деньги
#MYSTIC","https://luna.rio-mix.com/lunnyij-den.html

#MAIN
#DREAMS
#FOOD
"